Region,Area,F_wood_pct,F_Kerosene_pct,F_LP_gas_pct,F_cow_dung_pct,F_Bio_gas_pct,F_electricity_pct,F_others_pct,F_not_stated_pct,L_electricity_pct,L_Kerosene_pct,L_Bio_gas_pct,L_Solar_pct,L_Others_pct,L_Not_stated_pct,E_Without_any_pct,E_At_least_one_pct,E_Radio_pct,E_TV_pct,E_Cable_TV_pct,E_Computer_pct,E_Internet_pct,E_Telephone_pct,E_Mobile_phone_pct,E_Motor_pct,E_Motorcycle_pct,E_Cycle_pct,E_Other_vehicle_pct,E_Fridge_pct,E_Not_stated_pct,H_Owned_pct,H_Rented_pct,H_Institutional_pct,H_Other_pct,W_Mud_bonded_bricks_stone_pct,W_Cement_bonded_bricks_stone_pct,W_Wood_planks_pct,W_Bamboo_pct,W_Unbaked_brick_pct,W_Others_pct,W_Not_stated_pct,R_Thatch_straw_pct,R_Galvanized_iron_pct,R_Tile_slate_pct,R_RCC_pct,R_Wood_planks_pct,R_Mud_pct,R_Others_pct,R_Not_stated_pct,P_1p_pct,P_2p_pct,P_3p_pct,P_4p_pct,P_5p_pct,P_6p_pct,P_7p_pct,P_8p_pct,P_9p_plus_pct,A_Absent_hh_pct,A_Not_stated_pct,V_F_House_and_land_pct,V_Land_only_pct,V_Neither_pct,V_Not_stated_pct
Eastern,Taplejung,0.955271807,0.00483548,0.032072834,0.000188886,0.002379963,7.55544E-05,0.000226663,0.004948812,0.250651657,0.449473008,0.001057761,0.28045786,0.013410902,0.004948812,0.199123569,0.800423105,0.676249481,0.111744928,0.043745986,0.015564202,0.004684372,0.041668241,0.587813078,0.000528881,0.002757735,0.001284424,0.000302218,0.000642212,0.000453326,0.813456235,0.115295984,0.005024366,0.066223414,0.829284878,0.030977296,0.046314835,0.080238752,0.000302218,0.005439915,0.007442106,0.609270522,0.329605984,0.005439915,0.013675343,0.01560198,7.55544E-05,0.019606362,0.00672434,0.053605833,0.104680594,0.143288882,0.179328322,0.175626157,0.143704431,0.08994749,0.052585849,0.058667976,0.292584338,0,0.094556307,0.102376185,0.799932001,0.003135507
Eastern,Panchthar,0.920827667,0.008014377,0.057509229,0.003254323,0.004760054,0.000291432,0.001942879,0.003400039,0.27865747,0.395327375,0.007237226,0.267825918,0.047649116,0.003302895,0.199436565,0.794880513,0.637580144,0.115795609,0.045123373,0.015130173,0.005707208,0.022828832,0.591703905,0.002088595,0.01333301,0.002064309,0.00097144,0.00478434,0.005682922,0.884325821,0.097532543,0.005585778,0.012555858,0.806756363,0.045147659,0.044831941,0.091509617,0.000582864,0.006581504,0.004590052,0.519817369,0.425514863,0.006022926,0.019501651,0.005610064,2.4286E-05,0.01860307,0.00490577,0.052433456,0.110574121,0.152418885,0.196230814,0.177093452,0.140858753,0.077083738,0.045730523,0.048061978,0.340999611,0,0.069555081,0.089226734,0.837259569,0.003958617
Eastern,Ilam,0.902321758,0.00705678,0.058548009,0.001675016,0.023682864,0.000558339,0.00077547,0.005381764,0.655443026,0.230702421,0.006824139,0.06819486,0.033422771,0.005412783,0.11053554,0.879678025,0.670983451,0.384447167,0.074600245,0.02560603,0.007242893,0.03998325,0.692432961,0.005443802,0.033298696,0.059276951,0.001923166,0.00811142,0.009786435,0.899157839,0.069482141,0.007242893,0.024117127,0.501341564,0.096080773,0.194503466,0.179412814,0.002450486,0.019061061,0.007149836,0.129798223,0.809916714,0.006296819,0.03136002,0.003443088,9.30564E-05,0.01124432,0.00784776,0.037579292,0.101291934,0.17665214,0.239201576,0.189152721,0.130372071,0.059959365,0.033329714,0.032848923,0.261271461,0,0.081300309,0.093475193,0.810645657,0.014578842
Eastern,Jhapa,0.589009892,0.010217806,0.226874349,0.072066991,0.088288572,0.00056404,0.008786012,0.004192338,0.820971451,0.162129035,0.004957046,0.005445158,0.002267008,0.004230302,0.06970236,0.924890446,0.513363415,0.626708391,0.162942555,0.065710691,0.022903289,0.07840702,0.736642008,0.015006725,0.116810569,0.684343544,0.009355476,0.083846755,0.005407194,0.854634892,0.110654938,0.012208218,0.022501952,0.018738068,0.359716678,0.086726614,0.509360899,0.001231126,0.017631682,0.006594932,0.103897301,0.716157584,0.00399167,0.160084389,0.002841895,0,0.005428888,0.007598273,0.034542043,0.112178931,0.189289743,0.243258634,0.187185439,0.11934875,0.053947197,0.029118579,0.032041826,0.322940168,0,0.176962209,0.130304148,0.688579269,0.004154373
Eastern,Morang,0.449043812,0.01312012,0.232706784,0.246219666,0.039650255,0.000388086,0.014812737,0.00405854,0.757969795,0.221386824,0.003296395,0.010239865,0.002987796,0.004119325,0.089722729,0.902033946,0.397942675,0.455098892,0.170968345,0.065114322,0.026090616,0.078884369,0.6781269,0.012568383,0.111511666,0.686762987,0.007434423,0.083658297,0.008243325,0.867681302,0.10735026,0.007859915,0.017108524,0.029672231,0.303848132,0.09803619,0.552784402,0.000963202,0.007186609,0.007509235,0.210417543,0.575859167,0.028292888,0.172226119,0.002660495,0,0.001701968,0.00884182,0.038775892,0.109851779,0.171473325,0.235086735,0.19318745,0.124412026,0.057179595,0.030607378,0.040019638,0.253518493,0,0.168892318,0.130214616,0.694608875,0.006284191
Eastern,Sunsari,0.357273584,0.011930071,0.289513739,0.30988606,0.018412734,0.000844225,0.006950992,0.005188595,0.817222191,0.166293852,0.003426198,0.005324164,0.002366295,0.0053673,0.09348098,0.898957967,0.378903,0.525964543,0.194399768,0.066188478,0.019928641,0.091120847,0.694865016,0.015726003,0.12049002,0.577074051,0.011320011,0.109712286,0.007561052,0.82790133,0.133091774,0.016305252,0.022701643,0.025055614,0.352577968,0.056852704,0.545659019,0.000992119,0.00998897,0.008873607,0.169368803,0.592356374,0.004831186,0.216867247,0.003185871,0,0.003309116,0.010081403,0.041274595,0.102983134,0.165252436,0.222739849,0.188755169,0.127262308,0.06298412,0.035611509,0.053925647,0.234066022,3.69734E-05,0.170391733,0.137300575,0.686225574,0.006082118
Eastern,Dhankuta,0.862664823,0.006008082,0.122022544,0.000824117,0.002366014,0.000983624,0.002738197,0.002392599,0.839802212,0.115243513,0.003030625,0.030518928,0.008932369,0.002472352,0.126541897,0.862771161,0.609687367,0.400919821,0.08613356,0.032884943,0.013265632,0.049021693,0.758188005,0.004466185,0.021746066,0.0056359,0.001515313,0.013504892,0.010686942,0.853785623,0.114259889,0.013451723,0.018502765,0.733650574,0.090387069,0.034719268,0.126063377,0.002950872,0.008400681,0.003828158,0.470597618,0.467354317,0.003376223,0.048968524,0.002525521,2.65844E-05,0.002871119,0.004280094,0.067285198,0.129386431,0.177876436,0.20363675,0.171921523,0.123431519,0.061197363,0.033336878,0.032486176,0.313802637,2.65844E-05,0.10580604,0.126940664,0.763318801,0.003934496
Eastern,Terhathum,0.941541387,0.002852744,0.048994747,0.000860351,0.001449013,0.000633943,0.000498098,0.003169716,0.671662742,0.198786452,0.002898026,0.092600978,0.030791523,0.003260279,0.13625249,0.848034776,0.65789712,0.278663286,0.075846767,0.017252309,0.007335628,0.03699511,0.684975548,0.00081507,0.00656584,0.003124434,0.00081507,0.001675421,0.015712733,0.87171708,0.076707118,0.003758377,0.047817424,0.90377649,0.02055787,0.014444847,0.052934251,9.05633E-05,0.003667814,0.004528165,0.554202137,0.408032965,0.009826118,0.012633581,0.002535773,0,0.007879007,0.004890418,0.048224959,0.109626879,0.156991487,0.206484333,0.183843507,0.139603333,0.07566564,0.040210107,0.039802572,0.354645897,0,0.094049991,0.131362072,0.770965405,0.003622532
Eastern,Sankhuwasabha,0.946208291,0.005228947,0.041340459,2.88892E-05,0.001993355,0.000837787,0.000346671,0.0040156,0.525812509,0.228369204,0.001328904,0.192922144,0.047667196,0.003900043,0.176686408,0.807077856,0.6259714,0.167615196,0.073523039,0.022851365,0.007800087,0.050498339,0.618142424,0.00219558,0.010775675,0.008926766,0.00072223,0.012682363,0.016235736,0.894381049,0.074996389,0.005460061,0.025162502,0.718185758,0.011642352,0.025711397,0.220395782,0.001502239,0.017131301,0.005431171,0.652202802,0.252953922,0.007597862,0.005084501,0.014011267,0.000606673,0.061505128,0.006037845,0.060840676,0.114227936,0.148028311,0.18939766,0.177639752,0.145688285,0.077336415,0.044287159,0.042813809,0.277018634,0,0.101401127,0.129105879,0.764957388,0.004535606
Eastern,Bhojpur,0.972025487,0.004518569,0.012464143,0.003883939,0.001802351,0.000126926,0.003934709,0.001243876,0.14835123,0.270073363,0.005635519,0.421293123,0.153402889,0.001243876,0.226283858,0.761099688,0.617520879,0.090447541,0.011067956,0.00743787,0.004493184,0.025816769,0.543802198,0.00053309,0.001472343,0.001193105,0.000456934,0.00053309,0.012616455,0.915314904,0.05401975,0.004645495,0.026019851,0.892925139,0.005356282,0.007107862,0.074581778,0.016068845,0.00175158,0.002208514,0.774782322,0.148579697,0.051430457,0.001573884,0.014723428,0.000152311,0.006397076,0.002360826,0.065722336,0.108369507,0.145660397,0.18345899,0.180285838,0.146142716,0.080217297,0.046353413,0.044449521,0.293427766,0,0.099865458,0.111339578,0.785037951,0.003757013
Eastern,Solukhumbu,0.955425541,0.005261386,0.003830289,0.000799731,0.000547184,0.032073407,4.20911E-05,0.002020372,0.627914808,0.198080647,0.00892331,0.103922889,0.059095883,0.002062463,0.201027022,0.78588265,0.701868844,0.077489688,0.050677666,0.014395151,0.006945029,0.052277128,0.443850492,0.000336729,0.001431097,0.001094368,0.000294638,0.011532957,0.013090327,0.883702332,0.094199848,0.006313663,0.015784157,0.936989646,0.007492213,0.028537756,0.021382271,0.001052277,0.00155737,0.002988467,0.363372338,0.238488088,0.112551562,0.00117855,0.244970115,0.000210455,0.036029969,0.003198922,0.070923478,0.116886943,0.152285546,0.194755451,0.176193282,0.146140247,0.072186211,0.040491624,0.031273676,0.178382019,0,0.104680529,0.115708393,0.776285883,0.003325196
Eastern,Okhaldhunga,0.969999384,0.004219799,0.015431528,0.001848087,0.000893242,3.08015E-05,0.000616029,0.006961129,0.417113288,0.279738804,0.003942586,0.217519867,0.074755128,0.006930327,0.21376209,0.761257931,0.689274934,0.051346024,0.024086737,0.007053533,0.004712622,0.034713238,0.42838662,0.00126286,0.005821475,0.001817286,0.000893242,0.001601676,0.024979979,0.949239204,0.036099304,0.003480564,0.011180928,0.945943449,0.009024826,0.008747613,0.014476683,0.010010472,0.001878889,0.009918068,0.527043676,0.135156779,0.279862009,0.003665373,0.031633093,0.000123206,0.012382184,0.010133678,0.066561942,0.126347564,0.144643627,0.186595207,0.170270437,0.141963901,0.077835274,0.043368447,0.043522454,0.237540812,0,0.124807491,0.165403807,0.701564714,0.008223988
Eastern,Khotang,0.981382043,0.004103454,0.007128286,0.001406898,0.000773794,2.34483E-05,0.000304828,0.004877248,0.310924567,0.280066593,0.003376556,0.25155345,0.149084344,0.00499449,0.260182428,0.71503271,0.628180177,0.094449785,0.022580721,0.01123174,0.002954487,0.038291087,0.409923324,0.00042207,0.001641382,0.001055174,0.000187586,0.001336554,0.024784862,0.952493728,0.030553146,0.002016555,0.014936572,0.941566816,0.002743452,0.004830351,0.04171454,0.00042207,0.002274486,0.006448285,0.73916102,0.154829179,0.075644242,0.001406898,0.003704833,0.002837245,0.015006917,0.007409665,0.057987666,0.104556006,0.134007081,0.167936783,0.17269679,0.155743663,0.093441508,0.05641663,0.057612493,0.319928717,0,0.078458039,0.128496729,0.785401083,0.007644148
Eastern,Udayapur,0.911402111,0.004871155,0.057717172,0.004540398,0.013275401,0.004104399,0.000977238,0.003112127,0.512869471,0.224764711,0.002450612,0.197236672,0.059581442,0.003097092,0.209429594,0.780632649,0.455092161,0.251796614,0.093123252,0.02250654,0.004510329,0.037961933,0.610067054,0.004044261,0.049448236,0.228914214,0.004089365,0.03146706,0.009937757,0.923895721,0.062107226,0.006299426,0.007697628,0.239137625,0.158282467,0.141579216,0.445951228,0.000766756,0.009697207,0.004585501,0.379408846,0.284331118,0.2644105,0.056800072,0.002661094,0.001232823,0.005622876,0.00553267,0.039660823,0.099963917,0.154223171,0.200378868,0.184803199,0.142451213,0.080614607,0.046306041,0.05224464,0.266981387,0,0.100009021,0.130994979,0.763267883,0.005728117
Eastern,Saptari,0.340373687,0.017354457,0.041424371,0.582022732,0.003221437,0.000322144,0.001247274,0.014033899,0.419174982,0.553219785,0.002288046,0.010019494,0.001288575,0.014009119,0.193864402,0.784155488,0.376998943,0.273846891,0.039929294,0.016032842,0.003105795,0.021335822,0.511299808,0.028001718,0.073547876,0.635952884,0.00707064,0.009309126,0.02198011,0.961896187,0.021922289,0.003006674,0.01317485,0.052443336,0.2095338,0.012481002,0.693856142,0.001957642,0.009028283,0.020699795,0.515966761,0.228936761,0.112353796,0.117020749,0.005096478,0,0.001924602,0.018700852,0.029149871,0.08278266,0.106233067,0.189569154,0.204371242,0.162583427,0.082551378,0.050733496,0.092306549,0.179343157,4.13005E-05,0.075654199,0.126833741,0.781272715,0.016239344
Eastern,Siraha,0.365906605,0.010192573,0.035309381,0.573361938,0.00210296,0.000440943,0.004375514,0.008310085,0.67273529,0.301910472,0.002230155,0.011574761,0.003188359,0.008360963,0.196262158,0.78270824,0.364668572,0.355391804,0.048334167,0.016459056,0.003213798,0.018095634,0.564263243,0.026329402,0.083906418,0.566807147,0.008140491,0.008657752,0.021029603,0.966344156,0.019723732,0.004205921,0.009726191,0.045196686,0.250108116,0.029237931,0.653265948,0.001916407,0.005918816,0.014356096,0.363710368,0.065776866,0.407287436,0.139185442,0.008912142,0,0.002781335,0.012346412,0.025930857,0.072399495,0.109464169,0.179675907,0.204275454,0.16508238,0.088790713,0.054397137,0.100263718,0.311941931,5.93577E-05,0.075748968,0.133733009,0.77820553,0.012312493
Central,Dhanusa,0.424973775,0.011025502,0.101197323,0.436824019,0.002575511,0.000260445,0.006163863,0.016979562,0.732327727,0.23524688,0.002944475,0.011061675,0.00138904,0.017030204,0.14574064,0.827071803,0.424604811,0.416682944,0.141421595,0.027882076,0.006344728,0.04380539,0.672186652,0.021385422,0.101899078,0.580929644,0.009875203,0.017840477,0.027187557,0.950754205,0.038422861,0.00449991,0.006323024,0.049896907,0.304981009,0.032526678,0.582586363,0.005042503,0.002524869,0.022441671,0.145718937,0.022253572,0.595138361,0.19947911,0.011958763,0,0.000918792,0.024532465,0.027592693,0.071810454,0.099120998,0.176979562,0.207032013,0.171698318,0.086069814,0.05478025,0.105089528,0.344604811,0.000108519,0.099272925,0.112765419,0.762662326,0.025299331
Central,Mahottari,0.563559094,0.012093658,0.030045464,0.359638089,0.005462812,0.000179698,0.023306798,0.005714388,0.631987996,0.348047584,0.001877841,0.010916638,0.001446567,0.005723373,0.22746141,0.755673956,0.349296483,0.319152186,0.064152096,0.012030764,0.002237237,0.02154576,0.510036119,0.012120613,0.074305019,0.528643821,0.011797157,0.007394562,0.016864634,0.982030225,0.012084674,0.001940736,0.003944366,0.032120973,0.241136409,0.032480368,0.68275261,0.001024277,0.002156373,0.008328991,0.149328829,0.011536595,0.688413089,0.130460565,0.006981258,0,0.002183328,0.011096336,0.026891768,0.073819835,0.095527323,0.161449442,0.193884886,0.169922191,0.096093371,0.061923844,0.120649068,0.283023954,8.0864E-05,0.085167748,0.117567252,0.789457133,0.007807867
Central,Sarlahi,0.64494025,0.014284316,0.039697898,0.25948962,0.018486028,0.000587336,0.011490704,0.011023847,0.4657952,0.494469251,0.002108386,0.022928699,0.003682146,0.011016317,0.214580996,0.764440562,0.378876983,0.278886772,0.076285927,0.015044841,0.003697206,0.019969428,0.492564174,0.009691046,0.077588609,0.577042687,0.009886825,0.011038907,0.020978442,0.973170787,0.019269143,0.001957787,0.005602283,0.039908737,0.219189326,0.061579934,0.658810418,0.00149846,0.005948661,0.013064464,0.145335572,0.013998178,0.716376889,0.097437558,0.008275415,0,0.003524017,0.015052371,0.023997952,0.066451812,0.084139666,0.148799349,0.19723952,0.177420691,0.10628525,0.066542171,0.129432317,0.127858557,0,0.100231169,0.101405842,0.785712672,0.012650317
Central,Sindhuli,0.909599611,0.004778952,0.049996524,0.002710969,0.027596274,0.000208536,0.001025302,0.004083832,0.378684137,0.222612262,0.001598777,0.268472821,0.12456555,0.004066453,0.251859447,0.72202141,0.537553872,0.181982483,0.089722647,0.016370082,0.00410121,0.050761157,0.451949812,0.002884749,0.020506048,0.037241068,0.001668289,0.011121924,0.026119144,0.943087029,0.048919088,0.001737801,0.006256082,0.51211247,0.088401919,0.1680627,0.215296121,0.00095579,0.008584735,0.006586264,0.329400111,0.097560128,0.533834978,0.025284999,0.003423467,0.000278048,0.002606701,0.007611567,0.039778257,0.094536355,0.121037815,0.170148061,0.181999861,0.158539552,0.094936049,0.061048936,0.078618101,0.214705269,0,0.08098151,0.114225636,0.799874878,0.004917976
Central,Ramechhap,0.954378689,0.006973088,0.024177928,0.001048242,0.001891393,0.000546909,0.001184969,0.009798783,0.455073719,0.300549188,0.002597817,0.213886927,0.018139143,0.009753207,0.192648634,0.768771506,0.663468769,0.126996787,0.030535743,0.00973042,0.002529453,0.024747624,0.501469817,0.001162181,0.009343026,0.001481211,0.00063806,0.004420846,0.03857986,0.95105166,0.04040289,0.002233211,0.006312239,0.945309117,0.031652348,0.005970421,0.003600483,0.000820363,0.00063806,0.012009206,0.268099264,0.242508488,0.433220154,0.013330903,0.028917804,0.000432969,0.001731878,0.01175854,0.070756329,0.12268988,0.133331814,0.179203792,0.17398537,0.149853018,0.078094023,0.044732584,0.047968462,0.190050817,0,0.077433175,0.108196796,0.801699975,0.012670054
Central,Dolakha,0.943558632,0.00411757,0.045227561,2.1902E-05,0.001314118,0.002168295,0.000481843,0.003110079,0.818016558,0.126483858,0.00010951,0.029830479,0.022471418,0.003088177,0.156029611,0.827478208,0.72839371,0.212273862,0.074926628,0.021223006,0.005212668,0.018200534,0.529677165,0.001664549,0.010644356,0.003044373,0.000284726,0.005847825,0.016492181,0.936133865,0.048950896,0.00689912,0.00801612,0.922226116,0.049848876,0.015002847,0.005256472,0.000197118,0.001314118,0.006154453,0.053090368,0.364448727,0.490144115,0.034429892,0.048928994,0.000197118,0.003394805,0.005365982,0.09098077,0.156270533,0.163279162,0.194292347,0.171667616,0.120241798,0.057448859,0.02661089,0.019865084,0.166170222,0,0.088549652,0.091834947,0.812343948,0.007271453
Central,Sindhupalchok,0.921542733,0.007533578,0.059428228,6.00285E-05,0.003826818,0.001140542,0.000660314,0.005807759,0.882824342,0.091903654,4.50214E-05,0.012560966,0.006903279,0.005762737,0.203301568,0.77888497,0.519981991,0.339146094,0.068732648,0.015322278,0.005927816,0.019989495,0.593426878,0.006227958,0.018158625,0.003931868,0.000630299,0.013146244,0.017813461,0.938890973,0.048803182,0.003886846,0.008418999,0.904569671,0.073639979,0.00930442,0.002326105,0.000225107,0.000840399,0.00909432,0.032625497,0.534163728,0.341382157,0.045531628,0.034351317,0.000345164,0.001470699,0.010129812,0.076476326,0.138500788,0.15364298,0.196008104,0.177204172,0.131417423,0.063450139,0.031920162,0.032175283,0.206768215,0,0.054190741,0.058692879,0.88006303,0.00705335
Central,Kavrepalanchok,0.782284163,0.006794708,0.160679967,0.000743946,0.039838316,0.000384372,0.000607556,0.008666973,0.873082789,0.082974793,0.001822668,0.021772824,0.011642757,0.00870417,0.129074655,0.847887813,0.570817473,0.51202093,0.113836158,0.067798291,0.020433721,0.071294838,0.667493273,0.012609887,0.060755601,0.015027712,0.002157444,0.032485648,0.023037532,0.909635342,0.080061004,0.003508946,0.006794708,0.823821155,0.136352928,0.005182825,0.003136973,0.016428811,0.002455022,0.012622286,0.101226271,0.566143011,0.188937521,0.124759767,0.003285762,0.001277108,0.001165516,0.013205044,0.05289457,0.109037706,0.145639856,0.206879022,0.182985952,0.137890417,0.07127004,0.040532665,0.05372531,0.146086223,0,0.10456163,0.091121003,0.794013713,0.010303654
Central,Lalitpur,0.178567189,0.030217798,0.771754714,0.001269348,0.002949637,0.002383453,0.002849185,0.010008675,0.96585544,0.017405598,0.003086617,0.002109493,0.001570705,0.009972147,0.027423405,0.959718734,0.573964659,0.662426373,0.554723529,0.333044153,0.163417196,0.303766951,0.862426373,0.05771426,0.328450756,0.166275513,0.003077485,0.273686133,0.01285786,0.570010502,0.409168531,0.010236975,0.010583992,0.295347244,0.649440665,0.005342222,0.005533994,0.006858134,0.002721337,0.034756404,0.014812109,0.227039861,0.05981462,0.65826218,0.001890325,0.000255696,0.001945117,0.035980092,0.059376284,0.127044427,0.200483996,0.257458564,0.160266654,0.095721657,0.039925118,0.022957856,0.039431989,0.151253367,0,0.132322725,0.082489384,0.776622072,0.008565819
Central,Bhaktapur,0.251936345,0.030558513,0.692314424,0.000816839,0.002771416,0.0018233,0.013725805,0.006053357,0.977828668,0.00977289,0.003661187,0.000714734,0.001648263,0.006374258,0.023819595,0.964161209,0.561868226,0.827165716,0.548127835,0.294995405,0.130752513,0.254970317,0.869174555,0.0357221,0.279723442,0.126026518,0.004113366,0.181294397,0.012019196,0.656213078,0.325991511,0.005426142,0.012369269,0.379888268,0.578744694,0.004127952,0.006359672,0.011304462,0.005032309,0.014542643,0.012660997,0.306927083,0.096707849,0.563633181,0.002610966,0.000233382,0.001356535,0.015870006,0.05303616,0.109368846,0.181236052,0.263780504,0.175036831,0.102367373,0.045976341,0.025701241,0.044648978,0.116545356,0,0.130285748,0.093921846,0.766953046,0.00883936
Central,Kathmandu,0.07627932,0.028040795,0.884264276,0.000367357,0.00049134,0.000514299,0.002158221,0.007884393,0.981216594,0.005349632,0.004167202,0.000459196,0.000934464,0.007872913,0.016618298,0.974608765,0.561490917,0.747619069,0.654101537,0.35477931,0.193675036,0.27899133,0.90733198,0.053303455,0.295701468,0.099328656,0.003088092,0.277324449,0.008772937,0.394513528,0.586494131,0.010733703,0.008258637,0.150515218,0.804201183,0.005618261,0.008169094,0.004550631,0.002665632,0.024279981,0.006293279,0.167863637,0.021157449,0.774672593,0.002098525,7.57673E-05,0.00150157,0.026337178,0.076322943,0.155125544,0.218145583,0.249850761,0.144789045,0.077351542,0.03214371,0.018413754,0.0296939,0.159618776,2.29598E-06,0.135735999,0.08781432,0.768461969,0.007987712
Central,Nuwakot,0.898030206,0.006487144,0.066104673,0.000439234,0.018599858,0.001216339,0.000489915,0.008632632,0.829982769,0.132479643,0.00168936,0.016015137,0.011301821,0.00853127,0.151180863,0.81531912,0.595938778,0.307311552,0.088421124,0.023330067,0.007483867,0.032570869,0.601125114,0.004527486,0.038922864,0.011149779,0.000793999,0.017941008,0.033500017,0.94572085,0.037081461,0.00665608,0.010541609,0.91183228,0.067895395,0.003277359,0.001385276,0.004020678,0.000405446,0.011183566,0.047521708,0.731628206,0.16246579,0.038399162,0.003530763,6.75744E-05,0.001013616,0.01537318,0.052488428,0.116363145,0.136567895,0.193786532,0.185407305,0.151248437,0.072203264,0.042166436,0.050123323,0.187366963,1.68936E-05,0.06904416,0.073791263,0.845339055,0.011825523
Central,Rasuwa,0.895801252,0.007083462,0.082640386,0,0.007699415,0.001745201,0.001745201,0.003285084,0.714608356,0.117852377,0,0.063648496,0.100195052,0.003695719,0.225746843,0.764089929,0.522020326,0.233138281,0.137152243,0.023714198,0.008520686,0.061287342,0.560928036,0.003695719,0.013140335,0.002463813,0.000307977,0.013037676,0.010163228,0.897957089,0.072271841,0.016938713,0.012832358,0.867775382,0.097936557,0.020737091,0.004003696,0.00092393,0.001437224,0.007186121,0.014782877,0.722821066,0.09588338,0.040036957,0.112822092,0.000102659,0.006980803,0.006570167,0.082024433,0.139410738,0.149881942,0.178729083,0.177805153,0.137049584,0.063340519,0.037265168,0.038291756,0.248742429,0,0.047223078,0.033056154,0.912842624,0.006878144
Central,Dhading,0.844600634,0.008369221,0.101798434,0.000108339,0.03981474,0.000704206,0.001029225,0.003575201,0.626432112,0.193412963,0.000514612,0.110993743,0.065057826,0.003588744,0.147246824,0.831857209,0.638728637,0.225968961,0.096990872,0.022561686,0.007123317,0.035738469,0.635072181,0.005173208,0.029034967,0.01221527,0.001164649,0.024904526,0.020895967,0.916903659,0.070745646,0.003182471,0.009168224,0.852983397,0.115625254,0.011240216,0.010915197,0.000135424,0.002383467,0.006717045,0.072113431,0.50568782,0.321118063,0.071801956,0.020232388,0.000108339,0.001205276,0.007732727,0.055469787,0.121936026,0.151255383,0.200901926,0.180804962,0.134544026,0.072479077,0.040586658,0.042144037,0.230966117,0,0.072086347,0.071070664,0.852252106,0.004590883
Central,Makwanpur,0.75092103,0.009576384,0.188610611,0.001348132,0.040920449,0.002394096,0.003672497,0.002556802,0.725945726,0.175222267,0.002463827,0.076727294,0.017049218,0.002591667,0.13953164,0.845708641,0.596873729,0.385275147,0.265477366,0.066476844,0.023673659,0.066244407,0.66740659,0.012005346,0.0863153,0.135754547,0.002475449,0.078180022,0.014759719,0.873438317,0.099494451,0.012888605,0.014178627,0.449125458,0.295647626,0.210296938,0.021128479,0.002370852,0.016584345,0.004846301,0.199198094,0.456133419,0.156824917,0.174815504,0.004160614,8.13528E-05,0.003579522,0.005206578,0.04175722,0.096937649,0.140321925,0.200685688,0.186669766,0.145586612,0.079086524,0.048416526,0.06149108,0.157661689,0,0.119530478,0.074519147,0.802243012,0.003707362
Central,Rautahat,0.542587106,0.015452125,0.021218543,0.379327157,0.00720099,0.000131268,0.018452537,0.015630274,0.465692158,0.504810036,0.001884634,0.009179387,0.002794134,0.01563965,0.174408356,0.790477441,0.371376064,0.227731313,0.037814575,0.011457825,0.002390954,0.014898924,0.470005251,0.010876496,0.077635675,0.656818438,0.009807599,0.006310243,0.035114203,0.984463489,0.010023253,0.001172036,0.004341222,0.110902749,0.180831114,0.053426096,0.613340584,0.00480066,0.014036305,0.022662491,0.144197952,0.015105202,0.696198852,0.103720512,0.011861006,0,0.004163072,0.024753404,0.01887447,0.054776282,0.066102839,0.120419683,0.175420995,0.178890222,0.118281889,0.080870495,0.186513146,0.069506432,1.87526E-05,0.087161985,0.08447099,0.808686194,0.019680831
Central,Bara,0.67228361,0.009640884,0.047117864,0.22873849,0.018720074,0.0003407,0.012430939,0.01072744,0.682955801,0.294051565,0.00164825,0.008526703,0.002081031,0.010736648,0.096049724,0.884871087,0.333001842,0.376519337,0.126813996,0.021721915,0.004686924,0.022799263,0.615313076,0.015930018,0.100202578,0.744769797,0.012099448,0.020948435,0.01907919,0.960883978,0.027209945,0.005073665,0.006832413,0.094963168,0.296169429,0.089226519,0.473848987,0.007255985,0.022974217,0.015561694,0.157486188,0.043720074,0.574889503,0.197624309,0.00835175,0,0.002762431,0.015165746,0.019438306,0.054097606,0.071998158,0.139346225,0.182108656,0.172992634,0.108379374,0.073333333,0.178627993,0.094511971,9.2081E-06,0.110322284,0.090902394,0.786243094,0.012532228
Central,Parsa,0.657533816,0.011170903,0.156727669,0.156978935,0.002701118,0.000355961,0.002774404,0.011757193,0.72239206,0.240368106,0.001769337,0.020541061,0.003224591,0.011704845,0.09101093,0.883956615,0.298525901,0.393797898,0.152037355,0.044516102,0.014782864,0.036800117,0.59881067,0.016541731,0.150016751,0.696019515,0.010563675,0.045479291,0.025032455,0.907230202,0.081148708,0.006805143,0.004815947,0.029827463,0.375183215,0.044788308,0.517955107,0.00132962,0.015149294,0.015766992,0.185675698,0.037292181,0.434848612,0.311413795,0.00818711,0,0.004774069,0.017808535,0.024875414,0.059801499,0.072521881,0.142447339,0.18050379,0.169102559,0.101972444,0.069988274,0.178996189,0.065821433,0,0.114493907,0.085975125,0.78599397,0.013536999
Central,Chitawan,0.490634327,0.007533341,0.397030488,0.001594318,0.092470437,0.001768106,0.00505497,0.003914013,0.859329782,0.05448638,0.002516151,0.056428275,0.023166723,0.004072689,0.052355586,0.935947712,0.6409309,0.536869546,0.403249084,0.134345839,0.072031433,0.126253353,0.798186558,0.023642752,0.197710529,0.64433866,0.009528127,0.199826212,0.011696702,0.748853376,0.170682685,0.012875439,0.0675885,0.20887831,0.562884884,0.07141184,0.085020212,0.015081794,0.047852204,0.008870754,0.118924024,0.510446182,0.044867581,0.309539461,0.002485927,0,0.004276701,0.009460123,0.047587744,0.126971174,0.192648003,0.235860818,0.172435679,0.108587404,0.050799048,0.027964789,0.038029393,0.290324531,0,0.171181382,0.116415429,0.705383656,0.007019532
Western,Gorkha,0.843374763,0.004032622,0.108549761,0.000300942,0.038490475,0.000556743,0.000797496,0.003897198,0.764211984,0.167489241,0.001700322,0.043486112,0.019185049,0.003927292,0.168813386,0.812573355,0.652712992,0.323061181,0.109753529,0.01746968,0.004739836,0.02654308,0.616178639,0.002151735,0.014655873,0.006214451,0.001218815,0.020148063,0.01861326,0.911718679,0.074347708,0.003867104,0.010066508,0.865087725,0.100785458,0.014084083,0.010232026,0.00046646,0.003490927,0.005853321,0.10642812,0.514219507,0.252806284,0.071428571,0.044042854,0.000165518,0.004950495,0.005958651,0.073640495,0.166586415,0.181377712,0.200818562,0.166089861,0.111995546,0.049941316,0.026708598,0.023563755,0.319871197,0,0.087544013,0.084594782,0.821059918,0.006801288
Western,Lamjung,0.695752473,0.003543569,0.190187405,0.001403158,0.103786149,0.001260464,0.000499429,0.003567352,0.768217275,0.146380327,0.002616058,0.066400304,0.012818683,0.003567352,0.120410008,0.85785293,0.608233447,0.201246195,0.243959285,0.0308457,0.012509513,0.024495814,0.711187215,0.002164193,0.017337329,0.010892314,0.000856164,0.048825152,0.021737062,0.850456621,0.129328387,0.00577911,0.014435883,0.756112062,0.204480594,0.012485731,0.018859399,0.000285388,0.002306887,0.005469939,0.115820015,0.628424658,0.097031963,0.145809551,0.006635274,0,0.000451865,0.005826674,0.07579433,0.161743721,0.203053653,0.211377473,0.160839992,0.100789574,0.042522831,0.023520738,0.021094939,0.379804033,2.37823E-05,0.123810883,0.105902778,0.766243341,0.004042998
Western,Tanahu,0.678665406,0.004164218,0.223219988,0.001315689,0.084804435,0.001430652,0.000830289,0.005569323,0.770891347,0.100643793,0.002720793,0.094704034,0.025432389,0.005607644,0.115767826,0.86044759,0.540773574,0.349066244,0.25113047,0.044925019,0.015264543,0.052793603,0.747004573,0.007498148,0.044196919,0.042612983,0.001481746,0.075351915,0.023784585,0.847188514,0.132130905,0.006233554,0.014447028,0.653948343,0.293321922,0.023988964,0.015264543,0.001034668,0.004496334,0.007945226,0.163055974,0.47877015,0.153910022,0.19247375,0.001647804,0,0.001468973,0.008673326,0.066793552,0.155787753,0.204519327,0.210165291,0.15567279,0.100848172,0.047773548,0.026403188,0.032330174,0.435825052,1.27737E-05,0.129512301,0.096786143,0.761438827,0.012262729
Western,Syangja,0.820945161,0.003790519,0.141716045,0.000421169,0.026707912,0.003325781,0.00052283,0.002570582,0.865225979,0.092119786,0.002497967,0.029830371,0.007769839,0.002556059,0.091204833,0.893328105,0.575026142,0.252759382,0.318127687,0.034187289,0.018574997,0.032589753,0.796691646,0.005678517,0.035625073,0.017776229,0.001466829,0.05112118,0.015467062,0.892616475,0.091742187,0.003805042,0.011836296,0.800888811,0.180115023,0.002454398,0.009774021,0.001190891,0.001147322,0.004429534,0.185677356,0.634396422,0.038631347,0.135296851,0.000537353,2.90461E-05,0.000769722,0.004661903,0.071409899,0.140757523,0.187507262,0.207389334,0.167872081,0.112190659,0.051614965,0.027913326,0.033708028,0.496790403,1.45231E-05,0.104028698,0.078279308,0.812725107,0.004966887
Western,Kaski,0.325102225,0.013438653,0.611163807,0.000470273,0.042850652,0.00109199,0.002295571,0.003586829,0.954550889,0.029443882,0.001984712,0.00740481,0.002949171,0.003666536,0.043862935,0.941996987,0.632660869,0.634948469,0.42617907,0.165273117,0.085557832,0.158051634,0.842817175,0.027953355,0.191090316,0.10646506,0.004160722,0.201284882,0.014140078,0.61055006,0.352242565,0.013199531,0.024007843,0.322663181,0.647430635,0.005467922,0.005069385,0.000454332,0.011972039,0.006942507,0.024454204,0.455431655,0.060402203,0.449397811,0.00076519,7.97073E-06,0.002231805,0.007309161,0.080368885,0.16192541,0.216357535,0.232123642,0.154225683,0.08358109,0.035103101,0.017742848,0.020277541,0.323061717,0,0.167082473,0.100630485,0.726635793,0.005651249
Western,Manang,0.979281768,0.001381215,0.015883978,0,0,0,0,0.003453039,0.888812155,0.016574586,0,0.085635359,0.005524862,0.003453039,0.122237569,0.872928177,0.539364641,0.328729282,0.298342541,0.027624309,0.013121547,0.080110497,0.665055249,0,0.001381215,0.020027624,0.363259669,0.009668508,0.004834254,0.624309392,0.227209945,0.024861878,0.123618785,0.82320442,0.074585635,0.095303867,0.002071823,0,0,0.004834254,0.002762431,0.309392265,0.024861878,0.006906077,0.165055249,0.485497238,0.000690608,0.004834254,0.114640884,0.154696133,0.168508287,0.192679558,0.145027624,0.119475138,0.050414365,0.033149171,0.043508287,0.111187845,0,0.111187845,0.093922652,0.794198895,0.000690608
Western,Mustang,0.540090772,0.015733737,0.181240545,0.249924357,0,0.007261725,0.000907716,0.00484115,0.711951589,0.021482602,0,0.254765507,0.006959153,0.00484115,0.120423601,0.875037821,0.374281392,0.136459909,0.312556732,0.030559758,0.014523449,0.072617247,0.711951589,0.026928896,0.067776097,0.002723147,0.137670197,0.061119516,0.004538578,0.689258699,0.213615734,0.055068079,0.042057489,0.715885023,0.091679274,0.008774584,0.002723147,0.170953101,0.003025719,0.006959153,0.009379728,0.058093797,0.025113464,0.007866868,0.006051437,0.87806354,0.006959153,0.008472012,0.140695915,0.184568835,0.225113464,0.18214826,0.131316188,0.084720121,0.025416036,0.010892587,0.029954614,0.263540091,0,0.080484115,0.03570348,0.880484115,0.00332829
Western,Myagdi,0.865546218,0.00292134,0.12118152,0.000432791,0.006852526,0.000288527,0.00018033,0.002596747,0.686262488,0.133480001,0.001659033,0.113066686,0.062898979,0.002632813,0.172178743,0.805496448,0.603960039,0.166227865,0.22216612,0.030439644,0.017383778,0.031738017,0.610956829,0.003137736,0.01691492,0.009232878,0.002019692,0.041115159,0.02232481,0.840696794,0.110794532,0.008800087,0.039708587,0.884336567,0.09204025,0.012406679,0.003642659,0.000144264,0.002091824,0.005337757,0.061780936,0.138925957,0.720993977,0.069895769,0.001514769,0,0.002019692,0.0048689,0.085187723,0.161863887,0.185054279,0.195693728,0.155913009,0.10895517,0.052007069,0.028672413,0.027915029,0.412558156,0,0.094204205,0.058967793,0.843257475,0.003570527
Western,Parbat,0.862513306,0.003949801,0.125581265,0.000420192,0.004229929,0.000588268,0.000168077,0.002549162,0.80155751,0.143677517,0.001848843,0.044512298,0.00585467,0.002549162,0.103675276,0.878144434,0.625189086,0.254776178,0.275001401,0.031178217,0.014062412,0.031738473,0.759874503,0.003697686,0.015294975,0.009888509,0.001260575,0.027592582,0.01818029,0.870917138,0.101434254,0.005210376,0.022438232,0.863997983,0.113115581,0.004061852,0.01000056,0.001960894,0.002689226,0.004173903,0.117989803,0.509216203,0.292397333,0.074738081,0.000448204,0,0.000756345,0.004454031,0.079612303,0.14502213,0.185752703,0.212028685,0.167516387,0.108801614,0.049526584,0.02605188,0.026275982,0.432012998,0,0.114740322,0.097876632,0.782228696,0.00515435
Western,Baglung,0.885364822,0.002976481,0.104502131,0.000309034,0.001772877,3.25298E-05,0.000178914,0.004863212,0.817182265,0.117009857,0.001968056,0.036644872,0.022364269,0.004830682,0.129159754,0.841872418,0.582707134,0.191145376,0.240070264,0.030366611,0.01166195,0.038173774,0.681321362,0.00204938,0.011304122,0.009092092,0.001870466,0.017631177,0.028967828,0.887235288,0.096727497,0.002456003,0.013581211,0.89328584,0.083536645,0.009043297,0.005416219,0.000406623,0.00112228,0.007189096,0.152776422,0.169285319,0.601916008,0.063579584,0.004635503,0,0.000422888,0.007384275,0.061578999,0.135438014,0.175970203,0.205312124,0.167089555,0.122100777,0.058911551,0.034237663,0.040011711,0.473846004,1.62649E-05,0.082560749,0.060440454,0.849956085,0.007042712
Western,Gulmi,0.922280272,0.003036047,0.067717725,0.000400697,0.003760383,9.24684E-05,0.000246583,0.002465825,0.641946769,0.209009509,0.001926426,0.116155779,0.028511104,0.002450414,0.116849292,0.861790497,0.723380646,0.248154484,0.197882473,0.018956031,0.009169787,0.022315718,0.686948079,0.001726078,0.024226733,0.004746714,0.000955507,0.012144189,0.021360211,0.908101777,0.075700834,0.003575447,0.012621943,0.898916578,0.07434463,0.00493165,0.01773853,0.00010788,0.000446931,0.003513801,0.229460447,0.394008045,0.317259235,0.054479326,0.000523988,4.62342E-05,0.000601045,0.003621681,0.063864873,0.131983294,0.182902584,0.20310694,0.171883428,0.119114769,0.059842495,0.032317722,0.035507883,0.541418158,0,0.107186339,0.0589024,0.829549833,0.004361428
Western,Palpa,0.804454944,0.005771178,0.149898751,0.000944988,0.033901451,0.001113736,0.000928113,0.002986838,0.729817752,0.152969963,0.002024975,0.076560918,0.035639555,0.002986838,0.103104961,0.87840027,0.659534256,0.318916639,0.192406345,0.038086399,0.023489706,0.036500169,0.757019912,0.004741816,0.046220047,0.019017887,0.001181235,0.034525818,0.018494769,0.872494094,0.109854877,0.006749916,0.010901114,0.798363145,0.151029362,0.007340533,0.026898414,0.008116774,0.003476207,0.004775565,0.213010462,0.659247384,0.004083699,0.117212285,0.000573743,0,0.000354371,0.005518056,0.06677354,0.131319609,0.180897739,0.204269322,0.165119811,0.114427945,0.057273034,0.031927101,0.048515019,0.455788053,0,0.099257509,0.088457644,0.806041174,0.006243672
Western,Nawalparasi,0.70990991,0.004745263,0.170324635,0.053316247,0.051056229,0.000706741,0.00408512,0.005855856,0.809273066,0.118802423,0.001918298,0.04202392,0.022087605,0.005894688,0.056780056,0.928230817,0.454962721,0.467792793,0.18667288,0.055809258,0.019307238,0.046365331,0.766433675,0.016022057,0.107828518,0.706531532,0.009148804,0.083682821,0.014989127,0.914926996,0.07267785,0.004419074,0.00797608,0.245604225,0.45341721,0.063839702,0.15859739,0.011432122,0.058543026,0.008566325,0.11397173,0.370246971,0.223477788,0.273920472,0.004325878,0,0.004714197,0.009342964,0.034109972,0.093484001,0.153440509,0.214111525,0.181849953,0.127166822,0.071101274,0.043538366,0.081453868,0.370961479,0,0.145316869,0.098951538,0.748780677,0.006950916
Western,Rupandehi,0.343418683,0.012237922,0.34221015,0.259523301,0.031562243,0.000262459,0.003131199,0.007654042,0.80613422,0.179760125,0.002130192,0.002368236,0.001965392,0.007641835,0.040919218,0.945432905,0.376396985,0.429621265,0.311093478,0.087148656,0.030213324,0.100051881,0.773424482,0.024921415,0.166338084,0.711783197,0.011645863,0.169512009,0.013647877,0.836915189,0.147538682,0.007440413,0.008105716,0.224372082,0.612793359,0.025336467,0.04504532,0.013983581,0.064888455,0.013580737,0.089510788,0.154728843,0.118655965,0.615344707,0.002691733,0,0.00380871,0.015259255,0.036127812,0.091769158,0.145323038,0.192443617,0.167729728,0.126316111,0.072359386,0.049458296,0.118967254,0.284200568,0,0.148979156,0.091958373,0.749418622,0.009643849
Western,Kapilbastu,0.543050929,0.011932416,0.072909362,0.327511396,0.034033135,0.000186273,0.001840813,0.008535677,0.637294004,0.338589148,0.002947493,0.00453629,0.008020687,0.008612377,0.10570433,0.871756662,0.31368338,0.258590463,0.085280067,0.019142269,0.004908836,0.024335992,0.515646914,0.021289884,0.088435747,0.750208187,0.006640077,0.031425316,0.022539008,0.958340638,0.035052156,0.001961343,0.004645863,0.426959151,0.31289446,0.044124737,0.106317935,0.014693636,0.079264551,0.015745529,0.234736588,0.060987903,0.090024544,0.584304874,0.00879865,0,0.004908836,0.016238604,0.030548738,0.073818811,0.099973703,0.144449071,0.149642795,0.140055224,0.096029102,0.072076613,0.194030505,0.229816795,2.19144E-05,0.091525684,0.092621406,0.806342041,0.00951087
Western,Arghakhanchi,0.934523555,0.003139282,0.055546064,0.000961005,0.001900653,6.4067E-05,0.000448469,0.003416905,0.594178448,0.223978132,0.002626746,0.12042455,0.05541793,0.003374194,0.097830265,0.8808995,0.752402511,0.251292017,0.137316875,0.013112373,0.004570111,0.017426216,0.709733909,0.001708453,0.019988895,0.011190364,0.000811515,0.008392773,0.021270234,0.937406569,0.053645411,0.003416905,0.005531115,0.878977491,0.05881348,0.033549737,0.020052962,0.003181993,0.00098236,0.004441977,0.247405288,0.44881049,0.245483279,0.050719686,0.002285055,4.27113E-05,0.000662025,0.004591466,0.060201597,0.136569427,0.194955794,0.211079315,0.172169308,0.115320548,0.051744757,0.028808781,0.029342673,0.539572033,0,0.107910135,0.071413317,0.817558621,0.003117926
Mid Western,Pyuthan,0.951169419,0.002305306,0.0334479,0.000670635,0.007858999,0.000838293,0.000754464,0.002954984,0.536319054,0.216824545,0.00180233,0.068635259,0.173463828,0.002954984,0.201378992,0.766996395,0.64988683,0.073832677,0.105520161,0.01146366,0.005134546,0.013517478,0.54860005,0.001865202,0.013433649,0.010918769,0.000670635,0.008047615,0.031624612,0.954354933,0.035753206,0.003877106,0.006014754,0.916443122,0.048516221,0.014460558,0.011128343,0.002934026,0.001383184,0.005134546,0.445657641,0.23790762,0.278585799,0.0318761,0.000377232,0,0.000230531,0.005365077,0.046776763,0.100825719,0.153868723,0.193352335,0.182349736,0.142027831,0.078128929,0.045435493,0.057527873,0.50557465,0,0.095418727,0.059162545,0.838439936,0.006978791
Mid Western,Rolpa,0.969612439,0.001006059,0.021813193,0.001577684,0.000708814,0.000251515,0.000914599,0.004115697,0.214816509,0.049845661,0.002446553,0.474379787,0.254418658,0.004092832,0.22638619,0.758408597,0.632696925,0.056865211,0.026500514,0.007774094,0.002926718,0.012141306,0.470218361,0.000525895,0.003955642,0.001600549,0.000617355,0.003246827,0.015205213,0.94176289,0.050394421,0.002698068,0.005144621,0.947136161,0.026637704,0.005624786,0.013970504,2.2865E-05,0.000388705,0.006219275,0.454235738,0.043169087,0.450028581,0.016554247,0.029038527,4.573E-05,0.000160055,0.006768035,0.042574597,0.087412827,0.129392935,0.171190122,0.182096719,0.161152395,0.095415571,0.056499371,0.074768492,0.389779353,0,0.046987539,0.025220075,0.923699554,0.004092832
Mid Western,Rukum,0.977340631,0.001027798,0.014389177,0.002700958,0.001171212,0.000119511,0.000358534,0.002892177,0.147740039,0.056146473,0.00282047,0.461099027,0.329421326,0.002772665,0.292516194,0.687429787,0.580897292,0.03573392,0.024499845,0.007027273,0.001697062,0.012763821,0.369146927,0.00052585,0.002175108,0.001434137,0.000358534,0.001816574,0.020054019,0.946028635,0.045844587,0.001099505,0.007027273,0.951860793,0.031837847,0.008843846,0.00114731,7.17069E-05,0.000549753,0.005688744,0.366087435,0.081889237,0.457083443,0.007696537,0.004230705,0.071252719,0.005999474,0.005760451,0.034562708,0.088008222,0.124817745,0.18160958,0.199655807,0.176255468,0.088056027,0.052130889,0.055357698,0.235533141,2.39023E-05,0.031311997,0.027176901,0.938236489,0.003274613
Mid Western,Salyan,0.970402373,0.003245637,0.014788066,0.001547588,0.001160691,0.00015046,0.000666323,0.008038862,0.14530135,0.186935775,0.000687817,0.345520592,0.313709053,0.007845413,0.196565214,0.776072565,0.676747485,0.04763133,0.030779813,0.007845413,0.003052188,0.015174963,0.44996131,0.00045138,0.005631502,0.003568051,0.000687817,0.002364371,0.027362222,0.959934657,0.033251655,0.00270828,0.004105408,0.946156822,0.034541312,0.008017367,0.0007523,8.59771E-05,0.000343909,0.010102313,0.451530393,0.163378041,0.277061302,0.016722552,0.004814719,0.070544235,0.006555756,0.009393001,0.036346832,0.072650675,0.112694523,0.179412776,0.199316482,0.173845757,0.092339438,0.057583183,0.076498151,0.229408477,0,0.047846273,0.04823317,0.894205141,0.009715416
Mid Western,Dang,0.763466183,0.004692858,0.140579473,0.03844534,0.045450248,0.000369584,0.002234694,0.004761618,0.646179102,0.223667134,0.002690228,0.041831762,0.080741231,0.004890543,0.109035901,0.871539447,0.557590656,0.268911102,0.141095172,0.037809312,0.009815466,0.039975246,0.707555846,0.008208205,0.059683533,0.286324529,0.003945095,0.035187843,0.019424652,0.891832192,0.092172553,0.003592701,0.012402554,0.450041686,0.185703112,0.042235726,0.077157125,0.200211436,0.037044359,0.007606556,0.355024195,0.336639535,0.128881707,0.166794159,0.003360637,0,0.000928258,0.008371509,0.035815277,0.102297438,0.162659974,0.227423139,0.185342123,0.126647013,0.063834908,0.037525677,0.059038909,0.280935477,1.719E-05,0.123097287,0.107093436,0.764815595,0.004993683
Mid Western,Banke,0.714424509,0.008913014,0.205643501,0.041851034,0.021585545,0.000432978,0.001404539,0.005744881,0.687474259,0.22208611,0.002714034,0.033444922,0.048514674,0.005766002,0.105889559,0.877678392,0.376490342,0.370449769,0.184079077,0.048620278,0.016294763,0.059814347,0.602621102,0.013886982,0.100165799,0.66650122,0.006389068,0.092583401,0.016432049,0.881057734,0.104664548,0.007529596,0.006748123,0.307667937,0.310392532,0.065643712,0.067671317,0.080850749,0.155386354,0.012387399,0.190330859,0.087524949,0.330436252,0.371991594,0.005164056,0,0.003675034,0.010877256,0.041692628,0.093058621,0.139598492,0.194027014,0.173793205,0.136261392,0.077418605,0.050700685,0.094294193,0.167351335,0,0.111127538,0.084874278,0.798570116,0.005428068
Mid Western,Bardiya,0.87643571,0.00444995,0.04392221,0.010114616,0.061637822,0.000216484,0.001058367,0.002164841,0.625819332,0.226935428,0.002561728,0.029153187,0.113377512,0.002152814,0.091007493,0.897639121,0.474448868,0.279156193,0.050512947,0.017042106,0.004882918,0.024570941,0.618194282,0.004943053,0.043332892,0.755288826,0.017162375,0.022971364,0.011353386,0.963065414,0.02491972,0.0028624,0.009152465,0.288164335,0.130215161,0.024811478,0.219803481,0.10061698,0.232816578,0.003571987,0.248812344,0.172658063,0.4590785,0.101398728,0.001671738,0,0.012135134,0.004245493,0.037319446,0.088421711,0.13637293,0.212214512,0.18439631,0.133847283,0.072810805,0.045738271,0.089227513,0.216075144,0,0.108518648,0.08622079,0.802662754,0.002597809
Mid Western,Surkhet,0.852986407,0.004023067,0.125113277,0.001743787,0.008911163,0.000329535,0.00090622,0.005986544,0.435479885,0.040573939,0.003048194,0.136646986,0.377948648,0.006302348,0.185802554,0.790004119,0.527928052,0.216833722,0.120952904,0.028848002,0.010339146,0.05261568,0.595043251,0.003158039,0.047137169,0.09137718,0.002251819,0.033420294,0.024193327,0.908018674,0.07800357,0.002141974,0.011835782,0.576122477,0.17370589,0.200919951,0.024522861,0.011437594,0.003981876,0.009309351,0.457023205,0.190567074,0.169957435,0.153013868,0.003363998,0.011876974,0.003693533,0.010503913,0.037347247,0.096800769,0.149100645,0.214169985,0.194823562,0.144734313,0.074557188,0.040381711,0.048537691,0.221200055,0,0.087024578,0.065934368,0.842221612,0.004819443
Mid Western,Dailekh,0.971542472,0.001226618,0.01533272,0.001471941,0.002494122,4.08873E-05,0.001042625,0.006848615,0.135704794,0.041337013,0.001042625,0.37491567,0.44019217,0.006807728,0.368843913,0.603189206,0.477174691,0.028375754,0.017213534,0.005519779,0.002269243,0.011959522,0.377757334,0.00044976,0.004354492,0.001717265,0.00044976,0.003352755,0.027966881,0.958785649,0.032791577,0.001615047,0.006807728,0.954349382,0.024368803,0.010324031,0.001328836,0.000143105,0.000654196,0.008831647,0.287907595,0.085331698,0.530614331,0.019544107,0.001431054,0.056567515,0.009567617,0.009036083,0.033834202,0.071675355,0.107124604,0.159521619,0.182990903,0.174220587,0.11149954,0.073229071,0.085985894,0.156148421,0,0.037186957,0.021670244,0.932147603,0.008995196
Mid Western,Jajarkot,0.989300249,0.000557962,0.002166207,0.002034922,0.001837994,9.8464E-05,0.000164107,0.003840095,0.040206118,0.023401602,0.001345674,0.411743469,0.519463043,0.003840095,0.44656689,0.529539189,0.458546672,0.015983983,0.009025863,0.001969279,0.000623605,0.01266903,0.220985952,9.8464E-05,0.000459498,0.000295392,0.000590784,9.8464E-05,0.023893921,0.975449652,0.018970723,0.000459498,0.005120126,0.9761389,0.010896678,0.004660628,0.000951818,3.28213E-05,0.000262571,0.007056584,0.194269397,0.008270973,0.757155048,0.000787712,0.001083104,0.027504267,0.003380596,0.007548904,0.021760536,0.056813706,0.0914402,0.148221084,0.184685572,0.199684915,0.125475909,0.078442957,0.093606407,0.094065905,0,0.01837994,0.009222791,0.968557175,0.003840095
Mid Western,Dolpa,0.890168765,0.002143048,0.000803643,0.087061345,0.001071524,0.000669703,0.01526922,0.002812751,0.230377712,0.01259041,0.000133941,0.5049558,0.249263327,0.002678811,0.314894187,0.668631128,0.381730512,0.071390303,0.075274578,0.010581302,0.005223681,0.017412269,0.44454862,0,0.000669703,0.000535762,0.017278328,0.000669703,0.016474685,0.932360032,0.043798553,0.016072864,0.007768551,0.966380927,0.00241093,0.004420038,0.000133941,0.000133941,0.001607286,0.024912939,0.027457809,0.021832306,0.016876507,0.001339405,0.016072864,0.885614787,0.001741227,0.029065095,0.067104206,0.090543799,0.124296812,0.173586927,0.17412269,0.165550496,0.091615323,0.056790785,0.059335655,0.041253683,0,0.031208144,0.008572194,0.956201447,0.004018216
Mid Western,Jumla,0.985848323,0.000207351,0.005857654,5.18376E-05,0.000466539,0.000103675,0.000933078,0.006531543,0.293193717,0.003213934,0.000207351,0.443108185,0.25395262,0.006324193,0.335700586,0.642372091,0.424394796,0.108703541,0.055829143,0.011818983,0.004043336,0.017365611,0.460940335,0.000622052,0.003991499,0.002591882,0.001503292,0.000933078,0.021927324,0.953501633,0.034420196,0.004147012,0.00793116,0.982738064,0.003887823,0.002488207,0.000207351,0.000207351,0.002799233,0.007671971,0.005235602,0.089938313,0.011352444,0.001399616,0.012907573,0.86993935,0.000829402,0.008397698,0.030169509,0.056503033,0.090871391,0.159867296,0.195790783,0.174692862,0.111658286,0.076667876,0.104401016,0.04665388,0,0.02861438,0.027992328,0.936706236,0.006687056
Mid Western,Kalikot,0.979833102,0.000434631,0.01077886,0.000130389,0.001477747,0.000434631,0.000869263,0.006041377,0.116220445,0.014255911,0.000391168,0.371392559,0.491742003,0.005997914,0.399904381,0.577147079,0.479920028,0.025425939,0.003346662,0.003085883,0.000869263,0.006128303,0.296027469,0.000173853,0.000478095,0.000304242,0.000434631,0.000869263,0.02294854,0.955450278,0.036943672,0.002086231,0.005519819,0.971575104,0.011735049,0.003085883,0.000304242,0,0.005563282,0.007736439,0.311500348,0.060935327,0.384735744,0.001651599,0.067237483,0.159509736,0.006215229,0.008214534,0.02516516,0.051894993,0.082666898,0.122305285,0.16150904,0.191281293,0.132692976,0.095401599,0.13730007,0.062413074,0,0.012213143,0.008214534,0.974269819,0.005302503
Mid Western,Mugu,0.9875,0.000208333,0.000416667,0,0.000520833,0,0,0.011354167,0.13875,0.007708333,0.0003125,0.557604167,0.284375,0.01125,0.457916667,0.51875,0.339375,0.033645833,0.0103125,0.004895833,0.001458333,0.009479167,0.354270833,0,0.000416667,0.0003125,0.001041667,0.0003125,0.023333333,0.9690625,0.021770833,0.0034375,0.005729167,0.962291667,0.011145833,0.003645833,0.000104167,0,0.007604167,0.015208333,0.117708333,0.043958333,0.057395833,0.00125,0.063333333,0.6865625,0.000729167,0.0290625,0.032395833,0.054583333,0.078020833,0.134583333,0.185520833,0.194375,0.128958333,0.083333333,0.110208333,0.045104167,0,0.025729167,0.008645833,0.954895833,0.010729167
Mid Western,Humla,0.983151425,0,0.000317898,0,0.000847727,0.014199428,0.000423864,0.001059659,0.313553036,0.001059659,0,0.226555049,0.457772597,0.001059659,0.423651584,0.571473985,0.434142206,0.073116457,0.057009643,0.013245735,0.006781816,0.015153121,0.386775458,0,0,0.000211932,0.080534068,0,0.00487443,0.908551446,0.055738052,0.020875278,0.014835223,0.991628696,0.004450567,0.001059659,0.000105966,0,0.001589488,0.001165625,0.013563633,0.082865317,0.009960793,0.000529829,0.012715905,0.865847197,0.012715905,0.00180142,0.085408498,0.063155664,0.092084349,0.141994278,0.16996927,0.16456501,0.11698633,0.070785207,0.09950196,0.046095157,0,0.015894882,0.01080852,0.971813076,0.001483522
Far Western,Bajura,0.989312118,0.00052234,0.00024108,8.036E-05,0.00168756,0.00012054,4.018E-05,0.007995821,0.227700096,0.010969142,0,0.224284796,0.529170685,0.007875281,0.454154613,0.519206043,0.427193828,0.018081003,0.013661202,0.006268081,0.00208936,0.014424622,0.254058181,0.00036162,0.00036162,0.00032144,0.00016072,0.00036162,0.026639344,0.944471231,0.041988107,0.005544841,0.007995821,0.956806493,0.011330762,0.010446802,0.00048216,0.004098361,0.007473481,0.009361941,0.24975892,0.034554806,0.62592414,0.00289296,0.004299261,0.06468981,0.008076181,0.009803922,0.056814529,0.06416747,0.093458695,0.144889103,0.181573449,0.173577628,0.116562199,0.075257152,0.094503375,0.177394728,0,0.015670203,0.007393121,0.971432015,0.005504661
Far Western,Bajhang,0.983300269,0.001687739,0.003582744,0.000148047,0.001480473,2.96095E-05,0.000296095,0.009475024,0.174754982,0.126758061,0.008409084,0.395138128,0.285642377,0.009297368,0.331655464,0.636366328,0.578154147,0.040890652,0.018535517,0.004530246,0.001835786,0.028010541,0.253930655,0.000207266,0.000473751,0.000681017,0.000503361,0.001362035,0.031978207,0.974269387,0.016581293,0.00325704,0.005892281,0.94927901,0.026648506,0.007431972,0.000207266,0.000296095,0.002664851,0.0134723,0.187398218,0.040949871,0.736179789,0.013620348,0.000414532,0.000384923,0.007224706,0.013827614,0.042341515,0.058478666,0.086459598,0.131998934,0.171912474,0.17377787,0.12089539,0.081899742,0.132620733,0.303437657,0,0.016225979,0.008794007,0.964764753,0.010215261
Far Western,Achham,0.982760048,0.00153152,0.004015067,0.00169709,0.001717786,4.13924E-05,0.002400762,0.005836334,0.184527505,0.042613519,0.015811913,0.242745975,0.508775198,0.005525891,0.419201954,0.549050043,0.413137961,0.023448818,0.012810961,0.003476965,0.001076203,0.007388551,0.337120742,0.000476013,0.002173103,0.000538102,0.000310443,0.000869241,0.031748003,0.968831491,0.021172234,0.003373484,0.006622791,0.967548326,0.014963368,0.005650068,0.000807153,0.000496709,0.001779875,0.008754501,0.239413883,0.057970115,0.678380728,0.008175007,0.000455317,0.00355975,0.002173103,0.009872097,0.046152573,0.074113167,0.10848959,0.149592284,0.17113705,0.17283414,0.11604371,0.075934434,0.086386026,0.357216772,0,0.012810961,0.008878679,0.97228776,0.0060226
Far Western,Doti,0.959814417,0.004977889,0.027330063,0.000797429,0.001329048,0.000144987,0.001425706,0.004180461,0.302008071,0.101128483,0.003576348,0.120435928,0.468694875,0.004156296,0.419520093,0.555300486,0.428412633,0.065485828,0.031969649,0.009520818,0.00444627,0.026943431,0.340429645,0.001208226,0.006621076,0.001764009,0.001184061,0.008965034,0.025179422,0.946088974,0.03192132,0.008699224,0.013290482,0.922673562,0.037092526,0.024792789,0.002706425,0.000169152,0.005364522,0.007201025,0.1525264,0.057777348,0.746852572,0.029963995,0.000555784,0.000773264,0.002754754,0.008795882,0.061836986,0.084044173,0.124229756,0.164511998,0.175845154,0.160041563,0.098301235,0.060266293,0.07230022,0.383829109,0,0.016842665,0.013314646,0.965589735,0.004252954
Far Western,Kailali,0.859078876,0.004767823,0.068020476,0.002162724,0.058344393,0.000315982,0.001909938,0.005399788,0.704865427,0.140977298,0.001867807,0.062690906,0.084058337,0.005540225,0.108178326,0.875109716,0.463511056,0.326515136,0.113816857,0.034898499,0.012983365,0.056504673,0.657650636,0.016690892,0.069452929,0.663520886,0.047074354,0.037791494,0.016711957,0.933447087,0.055198612,0.003244086,0.008110215,0.150042482,0.235104941,0.320272728,0.199026774,0.008482372,0.079999719,0.007070984,0.133344568,0.162702843,0.529712877,0.150674447,0.009093271,0,0.00632667,0.008145324,0.032651514,0.073876683,0.11425221,0.193655074,0.190972734,0.15053401,0.086094668,0.053850421,0.104583149,0.242688519,7.02183E-06,0.073146412,0.057256009,0.864710385,0.004887194
Far Western,Kanchanpur,0.82023279,0.00568583,0.07734921,0.003129033,0.084483892,0.000170453,0.001814109,0.007134682,0.751941949,0.220152434,0.002361994,0.009861933,0.008388731,0.00729296,0.098083619,0.884542333,0.4582268,0.418133781,0.10593664,0.032446977,0.010129788,0.068997005,0.642998028,0.018944651,0.097243529,0.734190469,0.020137824,0.053960601,0.017374047,0.941144958,0.043757762,0.003944773,0.011152507,0.125331775,0.334648258,0.284973336,0.186086152,0.00780432,0.04853045,0.012625709,0.098327124,0.088233862,0.522585044,0.261743005,0.007414713,0,0.006111963,0.015584289,0.029804953,0.068376068,0.108189057,0.182591862,0.197640441,0.158631018,0.091789028,0.056578275,0.106618453,0.290354786,8.52266E-05,0.099629873,0.050539363,0.843828378,0.006002386
Far Western,Dadeldhura,0.962180365,0.00181327,0.026458942,0.001036154,0.001443215,0.000407061,0.001776265,0.004884728,0.479813492,0.074751138,0.010620582,0.104910632,0.324908411,0.004995744,0.277134293,0.694038412,0.517374089,0.110979536,0.045479776,0.013581024,0.006364948,0.025422788,0.481293713,0.001998298,0.009880472,0.007216075,0.00074011,0.002109314,0.028827295,0.938163786,0.03818969,0.006549976,0.017096547,0.800984347,0.099211783,0.085075676,0.005698849,0.000259039,0.001887281,0.006883026,0.133256855,0.102764312,0.663101802,0.061688192,0.005846871,0.012988935,0.012655886,0.007697147,0.053917034,0.077304518,0.105761759,0.15986382,0.181623062,0.167597972,0.103985494,0.063797506,0.086962957,0.292787625,0,0.020427044,0.015542316,0.95999704,0.004033601
Far Western,Baitadi,0.978811964,0.005889255,0.008767463,0.000952022,0.000730622,6.64202E-05,0.000376381,0.004405872,0.248677132,0.398100383,0.001416964,0.178891669,0.168596542,0.004317311,0.301304049,0.67188434,0.566475524,0.065512432,0.034051409,0.004693692,0.001416964,0.016450063,0.379237054,0.000686342,0.002767507,0.001394824,0.000442801,0.001239843,0.02681161,0.971527885,0.014656718,0.002523967,0.01129143,0.909402883,0.077933004,0.005070073,0.000243541,0.000464941,0.00013284,0.006752718,0.013549716,0.012863374,0.941528107,0.023379901,0.000287821,0.000819182,0.000354241,0.007217659,0.038811522,0.06504749,0.09179268,0.147784887,0.184603804,0.175902761,0.115371842,0.07644962,0.104766754,0.269045985,0,0.012022051,0.007284079,0.976775079,0.00391879
Far Western,Darchula,0.930336531,0.026052674,0.03328727,0,0.004105024,0.000203219,0.002560559,0.003454723,0.269509023,0.33315721,0.000406438,0.330718582,0.062875955,0.003332791,0.256584295,0.723581531,0.636197366,0.070842139,0.04056251,0.00877906,0.003088929,0.032271175,0.388188912,0.000569013,0.001463177,0.002560559,0.001016095,0.008169403,0.019834173,0.941920013,0.043488864,0.00727524,0.007315884,0.773166965,0.203259633,0.007762965,0.001666396,0.000528369,0.008291335,0.005324338,0.029182247,0.026377825,0.823890424,0.096041294,0.000569013,0.004592749,0.013453097,0.005893351,0.044504959,0.072386604,0.097098033,0.152495529,0.182287433,0.170947813,0.113721346,0.071858234,0.095269062,0.190538124,0,0.016013656,0.010282881,0.970208096,0.003495367
